{"cameraMode":{"drawMode":0,"name":"Shaded","section":"Shading Mode"},"sceneLighting":false,"audioPlay":false,"sceneViewState":{"showFog":true,"showMaterialUpdate":false,"showSkybox":false,"showFlares":true,"showImageEffects":true,"showParticleSystems":true},"in2DMode":false,"pivot":{"x":0.0,"y":2.30782151222229,"z":-0.14999978244304658},"rotation":{"x":-0.12354198098182678,"y":0.4914790093898773,"z":-0.07066738605499268,"w":-0.8591861128807068},"size":1.9004334211349488,"orthographic":true}