{"cameraMode":{"drawMode":0,"name":"Shaded","section":"Shading Mode"},"sceneLighting":true,"audioPlay":false,"sceneViewState":{"showFog":false,"showMaterialUpdate":false,"showSkybox":false,"showFlares":false,"showImageEffects":false,"showParticleSystems":false},"in2DMode":false,"pivot":{"x":-0.6987760066986084,"y":-0.7992576360702515,"z":89.9766616821289},"rotation":{"x":-0.013806615956127644,"y":-0.01889857091009617,"z":0.0002623132895678282,"w":-0.9997380971908569},"size":5.848990440368652,"orthographic":false}