{"cameraMode":{"drawMode":0,"name":"Shaded","section":"Shading Mode"},"sceneLighting":false,"audioPlay":false,"sceneViewState":{"showFog":true,"showMaterialUpdate":false,"showSkybox":false,"showFlares":true,"showImageEffects":true,"showParticleSystems":true},"in2DMode":false,"pivot":{"x":0.396240234375,"y":0.5076904296875,"z":0.064453125},"rotation":{"x":0.13488656282424928,"y":0.6109647154808044,"z":-0.1066451147198677,"w":0.7727679014205933},"size":1.4211517572402955,"orthographic":true}