{"cameraMode":{"drawMode":0,"name":"Shaded","section":"Shading Mode"},"sceneLighting":false,"audioPlay":false,"sceneViewState":{"showFog":true,"showMaterialUpdate":false,"showSkybox":false,"showFlares":true,"showImageEffects":true,"showParticleSystems":true},"in2DMode":false,"pivot":{"x":0.0,"y":0.5099999904632568,"z":-0.05999991297721863},"rotation":{"x":-0.1750035136938095,"y":-0.322061687707901,"z":0.06070747971534729,"w":-0.9284223318099976},"size":0.7511990666389465,"orthographic":true}